                  epoch,         train/box_loss,         train/cls_loss,         train/dfl_loss,   metrics/precision(B),      metrics/recall(B),       metrics/mAP50(B),    metrics/mAP50-95(B),           val/box_loss,           val/cls_loss,           val/dfl_loss,                 lr/pg0,                 lr/pg1,                 lr/pg2
                      1,                0.24372,                0.63226,                0.94553,                0.83369,                0.88995,                0.92713,                  0.866,                0.16087,                0.70632,                0.59525,             0.00055438,             0.00055438,             0.00055438
                      2,                0.17101,                0.36643,                0.89674,                0.87852,                0.90538,                0.94645,                0.74194,                0.34631,                 0.6244,                0.73533,             0.00089026,             0.00089026,             0.00089026
                      3,                0.13713,                0.28476,                0.88576,                  0.987,                0.99062,                0.99471,                0.99471,                0.06574,                0.09921,                0.55278,              0.0010061,              0.0010061,              0.0010061
                      4,                0.10915,                0.21433,                0.87863,                0.97839,                0.98436,                0.99362,                0.99358,                0.06389,                0.11751,                0.55543,              0.0006768,              0.0006768,              0.0006768
                      5,                0.10015,                0.20546,                0.88027,                0.98334,                0.99608,                0.99478,                0.99478,                0.04729,                0.07104,                0.54774,              0.0006768,              0.0006768,              0.0006768
